"BROKEN","EPIC","FAILED","FEATURE","PASSED","SKIPPED","STORY","UNKNOWN"
"0","","0","","0","1","","0"
"0","Credentials","1","Credentials","0","0","@smoke @regression C22181795: Verify Global Credential can be imported successfully from Super Admin to Agency Credentials","0"
"0","My Credentials","1","My Credentials","0","0","@regression C22670975: Verify saved views options are available on My Credentials page","0"
"0","My Credentials","1","My Credentials","0","0","@smoke @regression C22670971: Verify My Credentials grid displays all expected columns","0"
"0","Credentials","1","Credentials","0","0","@regression C5701947: Verify filters in Credentials - Personnel","0"
"0","My Credentials","1","My Credentials","0","0","@regression C22670972: Verify search filters My Credentials grid results","0"
"0","My Credentials","1","My Credentials","0","0","@regression C22682821: Verify My Credentials grid columns can be sorted","0"
"0","Credentials","1","Credentials","0","0","@regression C10485260: Verify autogenerate toggle for same credential type across different clients","0"
"0","Credentials","1","Credentials","0","0","@smoke @regression C52165: Verify duplicate credential name validation on create","0"
"0","Credentials","1","Credentials","0","0","@regression C54133: Verify mandatory field validations when saving a credential without required details","0"
"0","Credentials","1","Credentials","0","0","@smoke @regression C7135673: Verify clone action duplicates a credential successfully","0"
"0","My Credentials","1","My Credentials","0","0","@smoke @regression C22670969: Verify My Credentials page loads successfully","0"
"0","My Credentials","1","My Credentials","0","0","@regression C22670980: Verify pagination and page size controls display on My Credentials grid","0"
"0","Credentials","1","Credentials","0","0","@smoke @regression C54657: Verify bulk delete removes multiple unused credentials","0"
"0","Credentials","1","Credentials","0","0","@regression C22181796: Verify validation messages when saving a credential with empty mandatory fields","0"
"0","Credentials","1","Credentials","0","0","@regression C52162: Verify credential status in Personnel matches Training Credentials","0"
"0","My Credentials","1","My Credentials","0","0","@smoke @regression C22682824: Verify User can submit Upload External Credential with valid required fields","0"
"0","Training Setup","0","Categories","1","0","@smoke @regression C21852434: Verify deactivate, delete confirmation cancel, and bulk delete affordance on category rows","0"
"0","Credentials","0","Credentials","1","0","@regression C22181791: Verify State / Province is mandatory for Global Credentials when TRN-1853 is enabled","0"
"0","Auth","0","Auth","1","0","@smoke @regression super admin, admin, and user can act independently in the same test","0"
"0","My Credentials","1","My Credentials","0","0","@regression C22670970: Verify status tabs filter credentials on My Credentials page","0"
"0","My Credentials","1","My Credentials","0","0","@smoke @regression C22670977: Verify Upload External Credential modal opens with required fields","0"
"0","Credentials","1","Credentials","0","0","@smoke @regression C22181793: Verify State / Province is optional when creating a credential from Setup","0"
"0","Credentials","1","Credentials","0","0","@smoke @regression C58122: Verify credential log can be removed from Personnel","0"
"0","Credentials","1","Credentials","0","0","@regression C58129: Verify personnel removal from Admin Users reflects in Credentials","0"
"0","Credentials","1","Credentials","0","0","@smoke @regression C54656: Verify single unused credential can be deleted","0"
"0","Credentials","1","Credentials","0","0","@regression C5883872: Verify unique credential ID validation","0"
"0","Training Setup","0","Categories","1","0","@regression C21852435: Verify combined filters by date range, creator, active status, topics, and courses refine the category grid","0"
"0","Training Setup","0","Categories","1","0","@smoke @regression C21852430: Verify user can add a category with a required name and optional associations","0"
"0","My Credentials","1","My Credentials","0","0","@regression C22670974: Verify column visibility can be managed on My Credentials grid","0"
"0","Credentials","1","Credentials","0","0","@regression C58111: Verify credential date range displays correctly in Personnel","0"
"0","Credentials","1","Credentials","0","0","@regression C5911763: Verify filters in Training > Credentials","0"
"0","My Credentials","1","My Credentials","0","0","@regression C22682820: Verify search with no matching credentials displays empty state","0"
"0","My Credentials","1","My Credentials","0","0","@regression C22670978: Validate required field errors display on Upload External Credential submission","0"
"0","My Credentials","1","My Credentials","0","0","@smoke @regression C22670976: Verify View row action opens credential details page","0"
"0","Training Setup","0","Categories","1","0","@smoke @regression C21852428: Verify Training setup Categories page renders filters, grid, toolbar, and vertical setup navigation","0"
"0","My Credentials","1","My Credentials","0","0","@regression C22670979: Verify Download CSV option is available on My Credentials grid","0"
"0","Credentials","1","Credentials","0","0","@smoke @regression C52161: Verify credential added in Training appears in Personnel","0"
"0","My Credentials","1","My Credentials","0","0","@regression C22670981: Verify empty state displays when no credentials match selected status tab","0"
"0","Training Setup","0","Categories","1","0","@regression C21852432: Verify category name search matches results, Reset restores defaults, and select-all toggles row selection","0"
"0","Credentials","1","Credentials","0","0","@smoke @regression C52160: Verify credential creation modal displays all configured fields, controls, and default values","0"
"0","Credentials","1","Credentials","0","0","@smoke @regression C58113: Verify second edit of credential in Personnel updates correctly","0"
"0","Credentials","1","Credentials","0","0","@smoke @regression C7283439: Verify autogenerate toggle for credential ID during credential creation","0"
"0","Training Setup","1","Categories","0","0","@regression C22680549: Verify Import Categories rejects non-CSV and oversized files","0"
"0","Credentials","1","Credentials","0","0","@regression C22181794: Verify imported Global Credential does not require State / Province at agency level","0"
"0","My Credentials","1","My Credentials","0","0","@regression C22682823: Verify Progress column displays completion percentage for credentials with requirements","0"
"0","Credentials","1","Credentials","0","0","@smoke @regression C52164: Verify user can edit an existing credential successfully","0"
"0","Training Setup","0","Categories","1","0","@smoke @regression C21852433: Verify Import Categories flow, CSV sample download, column sorting, and pagination controls","0"
"0","Credentials","1","Credentials","0","0","@regression C7106606: Verify credential types","0"
"0","Credentials","1","Credentials","0","0","@smoke @regression C22181792: Verify State / Province is optional when creating a regular credential","0"
"0","Credentials","1","Credentials","0","0","@smoke @regression C58112: Verify first edit of credential in Personnel updates correctly","0"
"0","My Credentials","1","My Credentials","0","0","@regression C22670973: Verify filter panel applies filters on My Credentials grid","0"
"0","Credentials","1","Credentials","0","0","@smoke @regression C58114: Verify third edit of credential in Personnel updates correctly","0"
"0","My Credentials","1","My Credentials","0","0","@smoke @regression C22682822: Verify View opens In Progress credential renewal details with progress hours","0"
"0","Training Setup","0","Categories","1","0","@smoke @regression C21852431: Verify user can edit an existing category and persist changes from the grid","0"
"0","Training Setup","0","Categories","1","0","@smoke @regression C21852429: Validate blank name shows validation when attempting to create a category","0"
"0","Credentials","1","Credentials","0","0","@smoke @regression C54659: Verify in-use credential cannot be deleted","0"
